{
  "name": "Platformer",
  "description": "Instant, precise movement for platformers and 2D games",
  "config": {
    "physics": {
      "model": "critical",
      "speed": 25.0,
      "left_stick_return_time": 0.0,
      "right_stick_return_time": 0.0,
      "circular_constraint": false
    },
    "mouse": {
      "enabled": false,
      "sensitivity": 1.0,
      "velocity_mode": true,
      "velocity_threshold": 2000.0,
      "velocity_min_threshold": 50.0,
      "acceleration_curve": 1.0,
      "smoothing_enabled": false,
      "smoothing_frames": 1,
      "invert_x": false,
      "invert_y": false
    },
    "movement_keys": {
      "up": "w",
      "down": "s",
      "left": "a",
      "right": "d"
    },
    "button_bindings": {
      "space": "BTN_SOUTH",
      "j": "BTN_SOUTH",
      "k": "BTN_WEST",
      "l": "BTN_EAST",
      "i": "BTN_NORTH",
      "shift": "BTN_TL",
      "ctrl": "BTN_TR",
      "u": "LT",
      "o": "RT",
      "tab": "BTN_SELECT",
      "escape": "BTN_START"
    },
    "target_fps": 144
  }
}
