{
  "name": "Racing Games",
  "description": "Smooth steering with momentum - feels like driving",
  "config": {
    "physics": {
      "model": "momentum",
      "base_inertia": 2.5,
      "speed_inertia": 1.2,
      "thrust": 18.0,
      "drag": 4.0,
      "left_stick_return_time": 0.25,
      "right_stick_return_time": 0.15,
      "circular_constraint": true
    },
    "mouse": {
      "enabled": true,
      "sensitivity": 0.8,
      "velocity_mode": true,
      "velocity_threshold": 1500.0,
      "velocity_min_threshold": 50.0,
      "acceleration_curve": 1.2,
      "smoothing_enabled": true,
      "smoothing_frames": 4,
      "invert_x": false,
      "invert_y": false
    },
    "movement_keys": {
      "up": "w",
      "down": "s",
      "left": "a",
      "right": "d"
    },
    "button_bindings": {
      "space": "BTN_SOUTH",
      "e": "BTN_WEST",
      "shift": "BTN_TL",
      "ctrl": "BTN_TR",
      "mouse_left": "RT",
      "mouse_right": "LT",
      "r": "BTN_NORTH",
      "v": "BTN_THUMBR",
      "tab": "BTN_SELECT",
      "escape": "BTN_START"
    },
    "target_fps": 120
  }
}
