{
  "name": "Action RPG",
  "description": "Balanced feel for third-person action games and RPGs",
  "config": {
    "physics": {
      "model": "spring",
      "stiffness": 80.0,
      "damping": 12.0,
      "mass": 1.0,
      "left_stick_return_time": 0.05,
      "right_stick_return_time": 0.12,
      "circular_constraint": true
    },
    "mouse": {
      "enabled": true,
      "sensitivity": 1.0,
      "velocity_mode": true,
      "velocity_threshold": 2000.0,
      "velocity_min_threshold": 40.0,
      "acceleration_curve": 1.0,
      "smoothing_enabled": true,
      "smoothing_frames": 3,
      "invert_x": false,
      "invert_y": false
    },
    "movement_keys": {
      "up": "w",
      "down": "s",
      "left": "a",
      "right": "d"
    },
    "button_bindings": {
      "space": "BTN_SOUTH",
      "e": "BTN_WEST",
      "q": "BTN_NORTH",
      "r": "BTN_EAST",
      "shift": "BTN_TL",
      "ctrl": "BTN_TR",
      "mouse_left": "RT",
      "mouse_right": "LT",
      "f": "BTN_THUMBL",
      "c": "BTN_THUMBR",
      "tab": "BTN_SELECT",
      "escape": "BTN_START",
      "1": "DPAD_UP",
      "2": "DPAD_RIGHT",
      "3": "DPAD_DOWN",
      "4": "DPAD_LEFT"
    },
    "target_fps": 120
  }
}
