{
  "name": "FPS Games",
  "description": "Optimized for first-person shooters - responsive aiming with smooth movement",
  "config": {
    "physics": {
      "model": "critical",
      "stiffness": 100.0,
      "damping": 15.0,
      "mass": 0.8,
      "left_stick_return_time": 0.0,
      "right_stick_return_time": 0.08,
      "circular_constraint": false
    },
    "mouse": {
      "enabled": true,
      "sensitivity": 1.2,
      "velocity_mode": true,
      "velocity_threshold": 2500.0,
      "velocity_min_threshold": 30.0,
      "acceleration_curve": 0.8,
      "smoothing_enabled": true,
      "smoothing_frames": 2,
      "invert_x": false,
      "invert_y": false
    },
    "movement_keys": {
      "up": "w",
      "down": "s",
      "left": "a",
      "right": "d"
    },
    "button_bindings": {
      "space": "BTN_SOUTH",
      "e": "BTN_WEST",
      "r": "BTN_NORTH",
      "f": "BTN_EAST",
      "shift": "BTN_TL",
      "ctrl": "BTN_TR",
      "mouse_left": "RT",
      "mouse_right": "LT",
      "q": "BTN_THUMBL",
      "c": "BTN_THUMBR",
      "tab": "BTN_SELECT",
      "escape": "BTN_START"
    },
    "target_fps": 144
  }
}
